date,gold_999_am,gold_999_pm,silver_999_am,silver_999_pm,reason
2026-05-24,,,,,SUN
2026-05-25,158622,158857,269754,271100,
2026-05-26,157722,157611,266350,266213,
2026-05-27,157040,156072,261710,260917,
2026-05-28,,,,,Market Holiday
2026-05-29,157043,156463,263966,263350,
2026-05-30,,,,,SAT
2026-05-31,,,,,SUN
2026-06-01,155599,155536,262900,263250,
2026-06-02,156296,156294,266200,265300,
2026-06-03,155264,155036,262000,261575,
2026-06-04,155581,156086,259143,261088,
2026-06-05,154190,154238,254950,256908,
2026-06-06,,,,,SAT
2026-06-07,,,,,SUN
2026-06-08,150768,151489,241160,244300,
2026-06-09,152584,152519,245607,245938,
2026-06-10,148429,147146,236280,233283,
2026-06-11,145584,144782,233540,232591,
2026-06-12,147609,147800,242295,242582,
2026-06-13,,,,,SAT
2026-06-14,,,,,SUN
2026-06-15,150169,150646,251011,251488,
2026-06-16,150094,150663,247067,249179,
2026-06-17,150105,150148,248435,247688,
2026-06-18,149332,148093,243700,240191,
2026-06-19,144941,144970,230982,231973,
2026-06-20,,,,,SAT
2026-06-21,,,,,SUN
2026-06-22,146664,147310,237799,237801,
2026-06-23,144788,144995,227235,227483,
2026-06-24,143890,142178,226689,222035,
2026-06-25,140022,139873,215485,216541,
2026-06-26,,,,,Market Holiday
2026-06-27,,,,,SAT
2026-06-28,,,,,SUN
2026-06-29,141911,141421,221600,219980,
